Sexo;Edad;Provincias;Periodo;Total
Ambos sexos;Total;Total Nacional;1 de enero de 2022;47.432.893,000000
Ambos sexos;Total;Total Nacional;1 de enero de 2021;47.398.695,000000
Ambos sexos;Total;Total Nacional;1 de enero de 2020;47.332.614,000000
Ambos sexos;Total;Total Nacional;1 de enero de 2019;46.937.060,000000
Ambos sexos;Total;Total Nacional;1 de enero de 2018;46.658.447,000000
Ambos sexos;Total;Total Nacional;1 de enero de 2017;46.527.039,000000
Ambos sexos;Total;Total Nacional;1 de enero de 2016;46.440.099,000000
Ambos sexos;Total;Total Nacional;1 de enero de 2015;46.449.565,000000
Ambos sexos;Total;Total Nacional;1 de enero de 2014;46.512.199,000000
Ambos sexos;Total;Total Nacional;1 de enero de 2013;46.727.890,000000
Ambos sexos;Total;Total Nacional;1 de enero de 2012;46.818.216,000000
Ambos sexos;Total;Total Nacional;1 de enero de 2011;46.667.175,000000
Ambos sexos;Total;Total Nacional;1 de enero de 2010;46.486.621,000000
Ambos sexos;Total;Total Nacional;1 de enero de 2009;46.239.271,000000
Ambos sexos;Total;Total Nacional;1 de enero de 2008;45.668.938,000000
Ambos sexos;Total;Total Nacional;1 de enero de 2007;44.784.659,000000
Ambos sexos;Total;Total Nacional;1 de enero de 2006;44.009.969,000000
Ambos sexos;Total;Total Nacional;1 de enero de 2005;43.296.335,000000
Ambos sexos;Total;Total Nacional;1 de enero de 2004;42.547.454,000000
Ambos sexos;Total;Total Nacional;1 de enero de 2003;41.827.836,000000
Ambos sexos;Total;02 Albacete;1 de enero de 2022;387.759,511738
Ambos sexos;Total;02 Albacete;1 de enero de 2021;388.880,076037
Ambos sexos;Total;02 Albacete;1 de enero de 2020;389.873,871682
Ambos sexos;Total;02 Albacete;1 de enero de 2019;389.527,903657
Ambos sexos;Total;02 Albacete;1 de enero de 2018;390.337,051437
Ambos sexos;Total;02 Albacete;1 de enero de 2017;391.574,481514
Ambos sexos;Total;02 Albacete;1 de enero de 2016;392.957,543508
Ambos sexos;Total;02 Albacete;1 de enero de 2015;394.927,888577
Ambos sexos;Total;02 Albacete;1 de enero de 2014;396.683,528455
Ambos sexos;Total;02 Albacete;1 de enero de 2013;399.509,741104
Ambos sexos;Total;02 Albacete;1 de enero de 2012;401.590,189685
Ambos sexos;Total;02 Albacete;1 de enero de 2011;400.846,648077
Ambos sexos;Total;02 Albacete;1 de enero de 2010;399.447,695937
Ambos sexos;Total;02 Albacete;1 de enero de 2009;397.881,282447
Ambos sexos;Total;02 Albacete;1 de enero de 2008;394.521,177441
Ambos sexos;Total;02 Albacete;1 de enero de 2007;389.126,709165
Ambos sexos;Total;02 Albacete;1 de enero de 2006;383.458,351997
Ambos sexos;Total;02 Albacete;1 de enero de 2005;379.275,635914
Ambos sexos;Total;02 Albacete;1 de enero de 2004;374.717,192866
Ambos sexos;Total;02 Albacete;1 de enero de 2003;370.382,922001
Ambos sexos;Total;03 Alicante/Alacant;1 de enero de 2022;1.904.314,912270
Ambos sexos;Total;03 Alicante/Alacant;1 de enero de 2021;1.895.191,938537
Ambos sexos;Total;03 Alicante/Alacant;1 de enero de 2020;1.885.559,326161
Ambos sexos;Total;03 Alicante/Alacant;1 de enero de 2019;1.862.780,163416
Ambos sexos;Total;03 Alicante/Alacant;1 de enero de 2018;1.845.469,565247
Ambos sexos;Total;03 Alicante/Alacant;1 de enero de 2017;1.842.571,979429
Ambos sexos;Total;03 Alicante/Alacant;1 de enero de 2016;1.842.445,506199
Ambos sexos;Total;03 Alicante/Alacant;1 de enero de 2015;1.842.174,299592
Ambos sexos;Total;03 Alicante/Alacant;1 de enero de 2014;1.850.624,438810
Ambos sexos;Total;03 Alicante/Alacant;1 de enero de 2013;1.854.243,840917
Ambos sexos;Total;03 Alicante/Alacant;1 de enero de 2012;1.853.208,863622
Ambos sexos;Total;03 Alicante/Alacant;1 de enero de 2011;1.844.438,725104
Ambos sexos;Total;03 Alicante/Alacant;1 de enero de 2010;1.840.085,089174
Ambos sexos;Total;03 Alicante/Alacant;1 de enero de 2009;1.836.134,071574
Ambos sexos;Total;03 Alicante/Alacant;1 de enero de 2008;1.817.518,513967
Ambos sexos;Total;03 Alicante/Alacant;1 de enero de 2007;1.766.320,234509
Ambos sexos;Total;03 Alicante/Alacant;1 de enero de 2006;1.713.934,018870
Ambos sexos;Total;03 Alicante/Alacant;1 de enero de 2005;1.661.659,536551
Ambos sexos;Total;03 Alicante/Alacant;1 de enero de 2004;1.602.173,608505
Ambos sexos;Total;03 Alicante/Alacant;1 de enero de 2003;1.542.318,396148
Ambos sexos;Total;04 Almería;1 de enero de 2022;724.031,184966
Ambos sexos;Total;04 Almería;1 de enero de 2021;720.861,002804
Ambos sexos;Total;04 Almería;1 de enero de 2020;715.665,431978
Ambos sexos;Total;04 Almería;1 de enero de 2019;706.871,003921
Ambos sexos;Total;04 Almería;1 de enero de 2018;701.068,938576
Ambos sexos;Total;04 Almería;1 de enero de 2017;700.041,049213
Ambos sexos;Total;04 Almería;1 de enero de 2016;696.185,764790
Ambos sexos;Total;04 Almería;1 de enero de 2015;691.154,611325
Ambos sexos;Total;04 Almería;1 de enero de 2014;688.887,968134
Ambos sexos;Total;04 Almería;1 de enero de 2013;691.679,876344
Ambos sexos;Total;04 Almería;1 de enero de 2012;689.319,868180
Ambos sexos;Total;04 Almería;1 de enero de 2011;686.448,283175
Ambos sexos;Total;04 Almería;1 de enero de 2010;680.484,150374
Ambos sexos;Total;04 Almería;1 de enero de 2009;673.042,261362
Ambos sexos;Total;04 Almería;1 de enero de 2008;659.443,412749
Ambos sexos;Total;04 Almería;1 de enero de 2007;642.796,766656
Ambos sexos;Total;04 Almería;1 de enero de 2006;627.718,554698
Ambos sexos;Total;04 Almería;1 de enero de 2005;603.215,245535
Ambos sexos;Total;04 Almería;1 de enero de 2004;577.426,788886
Ambos sexos;Total;04 Almería;1 de enero de 2003;560.654,643395
Ambos sexos;Total;01 Araba/Álava;1 de enero de 2022;329.797,624868
Ambos sexos;Total;01 Araba/Álava;1 de enero de 2021;329.757,659719
Ambos sexos;Total;01 Araba/Álava;1 de enero de 2020;329.872,997656
Ambos sexos;Total;01 Araba/Álava;1 de enero de 2019;327.682,473603
Ambos sexos;Total;01 Araba/Álava;1 de enero de 2018;325.739,243501
Ambos sexos;Total;01 Araba/Álava;1 de enero de 2017;323.812,290490
Ambos sexos;Total;01 Araba/Álava;1 de enero de 2016;321.803,829149
Ambos sexos;Total;01 Araba/Álava;1 de enero de 2015;320.663,352688
Ambos sexos;Total;01 Araba/Álava;1 de enero de 2014;319.894,997215
Ambos sexos;Total;01 Araba/Álava;1 de enero de 2013;319.927,447896
Ambos sexos;Total;01 Araba/Álava;1 de enero de 2012;320.566,288364
Ambos sexos;Total;01 Araba/Álava;1 de enero de 2011;319.845,929069
Ambos sexos;Total;01 Araba/Álava;1 de enero de 2010;317.737,066428
Ambos sexos;Total;01 Araba/Álava;1 de enero de 2009;315.279,681403
Ambos sexos;Total;01 Araba/Álava;1 de enero de 2008;310.944,310578
Ambos sexos;Total;01 Araba/Álava;1 de enero de 2007;306.475,492101
Ambos sexos;Total;01 Araba/Álava;1 de enero de 2006;302.480,776559
Ambos sexos;Total;01 Araba/Álava;1 de enero de 2005;298.830,334945
Ambos sexos;Total;01 Araba/Álava;1 de enero de 2004;294.303,579068
Ambos sexos;Total;01 Araba/Álava;1 de enero de 2003;290.746,104396
Ambos sexos;Total;33 Asturias;1 de enero de 2022;1.006.234,077838
Ambos sexos;Total;33 Asturias;1 de enero de 2021;1.012.888,701348
Ambos sexos;Total;33 Asturias;1 de enero de 2020;1.018.899,172164
Ambos sexos;Total;33 Asturias;1 de enero de 2019;1.022.205,164301
Ambos sexos;Total;33 Asturias;1 de enero de 2018;1.027.624,311445
Ambos sexos;Total;33 Asturias;1 de enero de 2017;1.034.277,458784
Ambos sexos;Total;33 Asturias;1 de enero de 2016;1.040.924,879170
Ambos sexos;Total;33 Asturias;1 de enero de 2015;1.049.874,615766
Ambos sexos;Total;33 Asturias;1 de enero de 2014;1.058.975,030320
Ambos sexos;Total;33 Asturias;1 de enero de 2013;1.067.801,715597
Ambos sexos;Total;33 Asturias;1 de enero de 2012;1.074.303,918876
Ambos sexos;Total;33 Asturias;1 de enero de 2011;1.075.877,094410
Ambos sexos;Total;33 Asturias;1 de enero de 2010;1.077.103,046143
Ambos sexos;Total;33 Asturias;1 de enero de 2009;1.076.279,618864
Ambos sexos;Total;33 Asturias;1 de enero de 2008;1.071.081,353461
Ambos sexos;Total;33 Asturias;1 de enero de 2007;1.065.291,113191
Ambos sexos;Total;33 Asturias;1 de enero de 2006;1.063.487,788360
Ambos sexos;Total;33 Asturias;1 de enero de 2005;1.062.755,294130
Ambos sexos;Total;33 Asturias;1 de enero de 2004;1.062.407,746334
Ambos sexos;Total;33 Asturias;1 de enero de 2003;1.062.319,586740
Ambos sexos;Total;05 Ávila;1 de enero de 2022;159.036,874708
Ambos sexos;Total;05 Ávila;1 de enero de 2021;158.854,125984
Ambos sexos;Total;05 Ávila;1 de enero de 2020;158.895,358512
Ambos sexos;Total;05 Ávila;1 de enero de 2019;159.259,566436
Ambos sexos;Total;05 Ávila;1 de enero de 2018;160.032,411122
Ambos sexos;Total;05 Ávila;1 de enero de 2017;161.748,714731
Ambos sexos;Total;05 Ávila;1 de enero de 2016;163.650,309878
Ambos sexos;Total;05 Ávila;1 de enero de 2015;165.740,830856
Ambos sexos;Total;05 Ávila;1 de enero de 2014;167.331,383575
Ambos sexos;Total;05 Ávila;1 de enero de 2013;169.457,899447
Ambos sexos;Total;05 Ávila;1 de enero de 2012;171.365,415375
Ambos sexos;Total;05 Ávila;1 de enero de 2011;172.770,737039
Ambos sexos;Total;05 Ávila;1 de enero de 2010;173.370,287092
Ambos sexos;Total;05 Ávila;1 de enero de 2009;173.817,840308
Ambos sexos;Total;05 Ávila;1 de enero de 2008;173.290,110158
Ambos sexos;Total;05 Ávila;1 de enero de 2007;170.206,164921
Ambos sexos;Total;05 Ávila;1 de enero de 2006;167.949,946596
Ambos sexos;Total;05 Ávila;1 de enero de 2005;166.165,532843
Ambos sexos;Total;05 Ávila;1 de enero de 2004;164.650,656475
Ambos sexos;Total;05 Ávila;1 de enero de 2003;163.548,751119
Ambos sexos;Total;06 Badajoz;1 de enero de 2022;666.954,696797
Ambos sexos;Total;06 Badajoz;1 de enero de 2021;669.594,296877
Ambos sexos;Total;06 Badajoz;1 de enero de 2020;670.903,201095
Ambos sexos;Total;06 Badajoz;1 de enero de 2019;672.492,981412
Ambos sexos;Total;06 Badajoz;1 de enero de 2018;674.925,692274
Ambos sexos;Total;06 Badajoz;1 de enero de 2017;678.473,061736
Ambos sexos;Total;06 Badajoz;1 de enero de 2016;682.571,709658
Ambos sexos;Total;06 Badajoz;1 de enero de 2015;686.092,284059
Ambos sexos;Total;06 Badajoz;1 de enero de 2014;688.646,789708
Ambos sexos;Total;06 Badajoz;1 de enero de 2013;690.893,996957
Ambos sexos;Total;06 Badajoz;1 de enero de 2012;691.841,504762
Ambos sexos;Total;06 Badajoz;1 de enero de 2011;689.902,490383
Ambos sexos;Total;06 Badajoz;1 de enero de 2010;687.745,292972
Ambos sexos;Total;06 Badajoz;1 de enero de 2009;684.390,859594
Ambos sexos;Total;06 Badajoz;1 de enero de 2008;680.674,530958
Ambos sexos;Total;06 Badajoz;1 de enero de 2007;674.169,234863
Ambos sexos;Total;06 Badajoz;1 de enero de 2006;668.509,728257
Ambos sexos;Total;06 Badajoz;1 de enero de 2005;664.407,405771
Ambos sexos;Total;06 Badajoz;1 de enero de 2004;659.639,753960
Ambos sexos;Total;06 Badajoz;1 de enero de 2003;656.228,180220
Ambos sexos;Total;07 Balears, Illes;1 de enero de 2022;1.223.979,928078
Ambos sexos;Total;07 Balears, Illes;1 de enero de 2021;1.219.774,939580
Ambos sexos;Total;07 Balears, Illes;1 de enero de 2020;1.210.724,905461
Ambos sexos;Total;07 Balears, Illes;1 de enero de 2019;1.188.220,249105
Ambos sexos;Total;07 Balears, Illes;1 de enero de 2018;1.166.923,278560
Ambos sexos;Total;07 Balears, Illes;1 de enero de 2017;1.150.934,964800
Ambos sexos;Total;07 Balears, Illes;1 de enero de 2016;1.135.527,450545
Ambos sexos;Total;07 Balears, Illes;1 de enero de 2015;1.124.972,476930
Ambos sexos;Total;07 Balears, Illes;1 de enero de 2014;1.115.841,066377
Ambos sexos;Total;07 Balears, Illes;1 de enero de 2013;1.110.114,656986
Ambos sexos;Total;07 Balears, Illes;1 de enero de 2012;1.100.715,313691
Ambos sexos;Total;07 Balears, Illes;1 de enero de 2011;1.091.655,877762
Ambos sexos;Total;07 Balears, Illes;1 de enero de 2010;1.083.682,850156
Ambos sexos;Total;07 Balears, Illes;1 de enero de 2009;1.070.163,642821
Ambos sexos;Total;07 Balears, Illes;1 de enero de 2008;1.042.855,497982
Ambos sexos;Total;07 Balears, Illes;1 de enero de 2007;1.005.184,175053
Ambos sexos;Total;07 Balears, Illes;1 de enero de 2006;970.288,145000
Ambos sexos;Total;07 Balears, Illes;1 de enero de 2005;940.123,859469
Ambos sexos;Total;07 Balears, Illes;1 de enero de 2004;912.963,874821
Ambos sexos;Total;07 Balears, Illes;1 de enero de 2003;883.410,362017
Ambos sexos;Total;08 Barcelona;1 de enero de 2022;5.641.569,140423
Ambos sexos;Total;08 Barcelona;1 de enero de 2021;5.639.523,599634
Ambos sexos;Total;08 Barcelona;1 de enero de 2020;5.635.100,059794
Ambos sexos;Total;08 Barcelona;1 de enero de 2019;5.575.203,323467
Ambos sexos;Total;08 Barcelona;1 de enero de 2018;5.514.880,225161
Ambos sexos;Total;08 Barcelona;1 de enero de 2017;5.474.380,739932
Ambos sexos;Total;08 Barcelona;1 de enero de 2016;5.445.903,918853
Ambos sexos;Total;08 Barcelona;1 de enero de 2015;5.432.802,332626
Ambos sexos;Total;08 Barcelona;1 de enero de 2014;5.445.616,845844
Ambos sexos;Total;08 Barcelona;1 de enero de 2013;5.493.078,080577
Ambos sexos;Total;08 Barcelona;1 de enero de 2012;5.518.276,275478
Ambos sexos;Total;08 Barcelona;1 de enero de 2011;5.505.667,266341
Ambos sexos;Total;08 Barcelona;1 de enero de 2010;5.488.632,659951
Ambos sexos;Total;08 Barcelona;1 de enero de 2009;5.465.841,049962
Ambos sexos;Total;08 Barcelona;1 de enero de 2008;5.387.705,882560
Ambos sexos;Total;08 Barcelona;1 de enero de 2007;5.297.174,105318
Ambos sexos;Total;08 Barcelona;1 de enero de 2006;5.221.847,941713
Ambos sexos;Total;08 Barcelona;1 de enero de 2005;5.143.471,534653
Ambos sexos;Total;08 Barcelona;1 de enero de 2004;5.052.806,687057
Ambos sexos;Total;08 Barcelona;1 de enero de 2003;4.956.071,793643
Ambos sexos;Total;48 Bizkaia;1 de enero de 2022;1.133.681,437875
Ambos sexos;Total;48 Bizkaia;1 de enero de 2021;1.139.871,329442
Ambos sexos;Total;48 Bizkaia;1 de enero de 2020;1.142.713,253360
Ambos sexos;Total;48 Bizkaia;1 de enero de 2019;1.137.190,461442
Ambos sexos;Total;48 Bizkaia;1 de enero de 2018;1.134.847,846514
Ambos sexos;Total;48 Bizkaia;1 de enero de 2017;1.134.491,244401
Ambos sexos;Total;48 Bizkaia;1 de enero de 2016;1.134.370,442460
Ambos sexos;Total;48 Bizkaia;1 de enero de 2015;1.137.120,181373
Ambos sexos;Total;48 Bizkaia;1 de enero de 2014;1.140.285,176013
Ambos sexos;Total;48 Bizkaia;1 de enero de 2013;1.148.871,332760
Ambos sexos;Total;48 Bizkaia;1 de enero de 2012;1.155.708,733723
Ambos sexos;Total;48 Bizkaia;1 de enero de 2011;1.156.030,373411
Ambos sexos;Total;48 Bizkaia;1 de enero de 2010;1.155.817,727719
Ambos sexos;Total;48 Bizkaia;1 de enero de 2009;1.154.627,562351
Ambos sexos;Total;48 Bizkaia;1 de enero de 2008;1.149.083,985105
Ambos sexos;Total;48 Bizkaia;1 de enero de 2007;1.142.686,436545
Ambos sexos;Total;48 Bizkaia;1 de enero de 2006;1.136.766,205720
Ambos sexos;Total;48 Bizkaia;1 de enero de 2005;1.132.162,781650
Ambos sexos;Total;48 Bizkaia;1 de enero de 2004;1.128.048,699144
Ambos sexos;Total;48 Bizkaia;1 de enero de 2003;1.125.115,357911
Ambos sexos;Total;09 Burgos;1 de enero de 2022;352.990,808381
Ambos sexos;Total;09 Burgos;1 de enero de 2021;354.296,563915
Ambos sexos;Total;09 Burgos;1 de enero de 2020;355.693,221585
Ambos sexos;Total;09 Burgos;1 de enero de 2019;355.428,851967
Ambos sexos;Total;09 Burgos;1 de enero de 2018;356.080,090111
Ambos sexos;Total;09 Burgos;1 de enero de 2017;357.615,959330
Ambos sexos;Total;09 Burgos;1 de enero de 2016;359.871,974783
Ambos sexos;Total;09 Burgos;1 de enero de 2015;362.912,608286
Ambos sexos;Total;09 Burgos;1 de enero de 2014;365.295,533174
Ambos sexos;Total;09 Burgos;1 de enero de 2013;368.700,827524
Ambos sexos;Total;09 Burgos;1 de enero de 2012;372.190,478084
Ambos sexos;Total;09 Burgos;1 de enero de 2011;373.251,769967
Ambos sexos;Total;09 Burgos;1 de enero de 2010;374.004,982475
Ambos sexos;Total;09 Burgos;1 de enero de 2009;374.808,226065
Ambos sexos;Total;09 Burgos;1 de enero de 2008;372.560,948523
Ambos sexos;Total;09 Burgos;1 de enero de 2007;365.302,988591
Ambos sexos;Total;09 Burgos;1 de enero de 2006;360.693,602332
Ambos sexos;Total;09 Burgos;1 de enero de 2005;357.690,223820
Ambos sexos;Total;09 Burgos;1 de enero de 2004;354.228,250193
Ambos sexos;Total;09 Burgos;1 de enero de 2003;352.086,059316
Ambos sexos;Total;10 Cáceres;1 de enero de 2022;386.362,353138
Ambos sexos;Total;10 Cáceres;1 de enero de 2021;388.404,579853
Ambos sexos;Total;10 Cáceres;1 de enero de 2020;391.076,163072
Ambos sexos;Total;10 Cáceres;1 de enero de 2019;392.930,797144
Ambos sexos;Total;10 Cáceres;1 de enero de 2018;395.527,730619
Ambos sexos;Total;10 Cáceres;1 de enero de 2017;399.032,949350
Ambos sexos;Total;10 Cáceres;1 de enero de 2016;402.397,083110
Ambos sexos;Total;10 Cáceres;1 de enero de 2015;405.531,198241
Ambos sexos;Total;10 Cáceres;1 de enero de 2014;407.774,300650
Ambos sexos;Total;10 Cáceres;1 de enero de 2013;410.073,934587
Ambos sexos;Total;10 Cáceres;1 de enero de 2012;412.501,187240
Ambos sexos;Total;10 Cáceres;1 de enero de 2011;412.397,460455
Ambos sexos;Total;10 Cáceres;1 de enero de 2010;411.859,844157
Ambos sexos;Total;10 Cáceres;1 de enero de 2009;410.299,787168
Ambos sexos;Total;10 Cáceres;1 de enero de 2008;408.974,980193
Ambos sexos;Total;10 Cáceres;1 de enero de 2007;407.706,038202
Ambos sexos;Total;10 Cáceres;1 de enero de 2006;406.420,037045
Ambos sexos;Total;10 Cáceres;1 de enero de 2005;405.686,976228
Ambos sexos;Total;10 Cáceres;1 de enero de 2004;404.734,358074
Ambos sexos;Total;10 Cáceres;1 de enero de 2003;404.127,393221
Ambos sexos;Total;11 Cádiz;1 de enero de 2022;1.259.432,290062
Ambos sexos;Total;11 Cádiz;1 de enero de 2021;1.258.153,303823
Ambos sexos;Total;11 Cádiz;1 de enero de 2020;1.254.728,354794
Ambos sexos;Total;11 Cádiz;1 de enero de 2019;1.249.739,397080
Ambos sexos;Total;11 Cádiz;1 de enero de 2018;1.249.244,623866
Ambos sexos;Total;11 Cádiz;1 de enero de 2017;1.248.957,835902
Ambos sexos;Total;11 Cádiz;1 de enero de 2016;1.248.241,263586
Ambos sexos;Total;11 Cádiz;1 de enero de 2015;1.248.584,063654
Ambos sexos;Total;11 Cádiz;1 de enero de 2014;1.247.552,399249
Ambos sexos;Total;11 Cádiz;1 de enero de 2013;1.247.578,224691
Ambos sexos;Total;11 Cádiz;1 de enero de 2012;1.245.362,542582
Ambos sexos;Total;11 Cádiz;1 de enero de 2011;1.238.923,370767
Ambos sexos;Total;11 Cádiz;1 de enero de 2010;1.229.844,194437
Ambos sexos;Total;11 Cádiz;1 de enero de 2009;1.221.023,915624
Ambos sexos;Total;11 Cádiz;1 de enero de 2008;1.209.066,788026
Ambos sexos;Total;11 Cádiz;1 de enero de 2007;1.193.632,389188
Ambos sexos;Total;11 Cádiz;1 de enero de 2006;1.176.670,929786
Ambos sexos;Total;11 Cádiz;1 de enero de 2005;1.160.689,266720
Ambos sexos;Total;11 Cádiz;1 de enero de 2004;1.144.129,474054
Ambos sexos;Total;11 Cádiz;1 de enero de 2003;1.130.548,873260
Ambos sexos;Total;39 Cantabria;1 de enero de 2022;584.367,923762
Ambos sexos;Total;39 Cantabria;1 de enero de 2021;583.654,522196
Ambos sexos;Total;39 Cantabria;1 de enero de 2020;582.387,694396
Ambos sexos;Total;39 Cantabria;1 de enero de 2019;581.641,349742
Ambos sexos;Total;39 Cantabria;1 de enero de 2018;581.293,769147
Ambos sexos;Total;39 Cantabria;1 de enero de 2017;581.476,367053
Ambos sexos;Total;39 Cantabria;1 de enero de 2016;582.503,979690
Ambos sexos;Total;39 Cantabria;1 de enero de 2015;585.358,622913
Ambos sexos;Total;39 Cantabria;1 de enero de 2014;587.681,891852
Ambos sexos;Total;39 Cantabria;1 de enero de 2013;590.037,139546
Ambos sexos;Total;39 Cantabria;1 de enero de 2012;592.386,943073
Ambos sexos;Total;39 Cantabria;1 de enero de 2011;590.874,099283
Ambos sexos;Total;39 Cantabria;1 de enero de 2010;588.518,178067
Ambos sexos;Total;39 Cantabria;1 de enero de 2009;584.654,948881
Ambos sexos;Total;39 Cantabria;1 de enero de 2008;577.266,148733
Ambos sexos;Total;39 Cantabria;1 de enero de 2007;568.190,107709
Ambos sexos;Total;39 Cantabria;1 de enero de 2006;561.041,836850
Ambos sexos;Total;39 Cantabria;1 de enero de 2005;554.690,415763
Ambos sexos;Total;39 Cantabria;1 de enero de 2004;548.009,174960
Ambos sexos;Total;39 Cantabria;1 de enero de 2003;541.645,464383
Ambos sexos;Total;12 Castellón/Castelló;1 de enero de 2022;578.632,663997
Ambos sexos;Total;12 Castellón/Castelló;1 de enero de 2021;576.965,211767
Ambos sexos;Total;12 Castellón/Castelló;1 de enero de 2020;574.935,599837
Ambos sexos;Total;12 Castellón/Castelló;1 de enero de 2019;571.600,518700
Ambos sexos;Total;12 Castellón/Castelló;1 de enero de 2018;569.576,196258
Ambos sexos;Total;12 Castellón/Castelló;1 de enero de 2017;570.170,447396
Ambos sexos;Total;12 Castellón/Castelló;1 de enero de 2016;571.223,314170
Ambos sexos;Total;12 Castellón/Castelló;1 de enero de 2015;574.459,790522
Ambos sexos;Total;12 Castellón/Castelló;1 de enero de 2014;578.212,741355
Ambos sexos;Total;12 Castellón/Castelló;1 de enero de 2013;585.729,123750
Ambos sexos;Total;12 Castellón/Castelló;1 de enero de 2012;593.924,362306
Ambos sexos;Total;12 Castellón/Castelló;1 de enero de 2011;595.573,587393
Ambos sexos;Total;12 Castellón/Castelló;1 de enero de 2010;595.852,854439
Ambos sexos;Total;12 Castellón/Castelló;1 de enero de 2009;594.737,143344
Ambos sexos;Total;12 Castellón/Castelló;1 de enero de 2008;588.015,280505
Ambos sexos;Total;12 Castellón/Castelló;1 de enero de 2007;567.547,511899
Ambos sexos;Total;12 Castellón/Castelló;1 de enero de 2006;548.374,986694
Ambos sexos;Total;12 Castellón/Castelló;1 de enero de 2005;533.624,939128
Ambos sexos;Total;12 Castellón/Castelló;1 de enero de 2004;518.181,996359
Ambos sexos;Total;12 Castellón/Castelló;1 de enero de 2003;504.094,049869
Ambos sexos;Total;13 Ciudad Real;1 de enero de 2022;489.913,090977
Ambos sexos;Total;13 Ciudad Real;1 de enero de 2021;491.991,220709
Ambos sexos;Total;13 Ciudad Real;1 de enero de 2020;494.178,393038
Ambos sexos;Total;13 Ciudad Real;1 de enero de 2019;495.106,119438
Ambos sexos;Total;13 Ciudad Real;1 de enero de 2018;498.548,610152
Ambos sexos;Total;13 Ciudad Real;1 de enero de 2017;504.116,880858
Ambos sexos;Total;13 Ciudad Real;1 de enero de 2016;508.409,411124
Ambos sexos;Total;13 Ciudad Real;1 de enero de 2015;514.143,287829
Ambos sexos;Total;13 Ciudad Real;1 de enero de 2014;518.051,434891
Ambos sexos;Total;13 Ciudad Real;1 de enero de 2013;522.748,857767
Ambos sexos;Total;13 Ciudad Real;1 de enero de 2012;526.281,067442
Ambos sexos;Total;13 Ciudad Real;1 de enero de 2011;526.165,994373
Ambos sexos;Total;13 Ciudad Real;1 de enero de 2010;525.459,272459
Ambos sexos;Total;13 Ciudad Real;1 de enero de 2009;523.963,950069
Ambos sexos;Total;13 Ciudad Real;1 de enero de 2008;519.758,954915
Ambos sexos;Total;13 Ciudad Real;1 de enero de 2007;509.227,653179
Ambos sexos;Total;13 Ciudad Real;1 de enero de 2006;500.915,665786
Ambos sexos;Total;13 Ciudad Real;1 de enero de 2005;494.021,307435
Ambos sexos;Total;13 Ciudad Real;1 de enero de 2004;488.058,036712
Ambos sexos;Total;13 Ciudad Real;1 de enero de 2003;483.314,586696
Ambos sexos;Total;14 Córdoba;1 de enero de 2022;777.677,077833
Ambos sexos;Total;14 Córdoba;1 de enero de 2021;781.186,490507
Ambos sexos;Total;14 Córdoba;1 de enero de 2020;784.292,099491
Ambos sexos;Total;14 Córdoba;1 de enero de 2019;783.866,651242
Ambos sexos;Total;14 Córdoba;1 de enero de 2018;786.524,279918
Ambos sexos;Total;14 Córdoba;1 de enero de 2017;789.980,800210
Ambos sexos;Total;14 Córdoba;1 de enero de 2016;792.412,116064
Ambos sexos;Total;14 Córdoba;1 de enero de 2015;795.703,290617
Ambos sexos;Total;14 Córdoba;1 de enero de 2014;797.769,347814
Ambos sexos;Total;14 Córdoba;1 de enero de 2013;800.413,814266
Ambos sexos;Total;14 Córdoba;1 de enero de 2012;802.716,650974
Ambos sexos;Total;14 Córdoba;1 de enero de 2011;801.791,930108
Ambos sexos;Total;14 Córdoba;1 de enero de 2010;799.756,802595
Ambos sexos;Total;14 Córdoba;1 de enero de 2009;797.328,351873
Ambos sexos;Total;14 Córdoba;1 de enero de 2008;792.681,211156
Ambos sexos;Total;14 Córdoba;1 de enero de 2007;786.384,236408
Ambos sexos;Total;14 Córdoba;1 de enero de 2006;780.679,396095
Ambos sexos;Total;14 Córdoba;1 de enero de 2005;775.834,525159
Ambos sexos;Total;14 Córdoba;1 de enero de 2004;770.517,008902
Ambos sexos;Total;14 Córdoba;1 de enero de 2003;766.005,435406
Ambos sexos;Total;15 Coruña, A;1 de enero de 2022;1.120.121,323057
Ambos sexos;Total;15 Coruña, A;1 de enero de 2021;1.121.757,430185
Ambos sexos;Total;15 Coruña, A;1 de enero de 2020;1.123.549,964382
Ambos sexos;Total;15 Coruña, A;1 de enero de 2019;1.122.006,539467
Ambos sexos;Total;15 Coruña, A;1 de enero de 2018;1.121.417,448451
Ambos sexos;Total;15 Coruña, A;1 de enero de 2017;1.121.745,967379
Ambos sexos;Total;15 Coruña, A;1 de enero de 2016;1.124.114,402505
Ambos sexos;Total;15 Coruña, A;1 de enero de 2015;1.128.694,119316
Ambos sexos;Total;15 Coruña, A;1 de enero de 2014;1.133.329,718263
Ambos sexos;Total;15 Coruña, A;1 de enero de 2013;1.138.494,141013
Ambos sexos;Total;15 Coruña, A;1 de enero de 2012;1.141.178,230610
Ambos sexos;Total;15 Coruña, A;1 de enero de 2011;1.140.068,696791
Ambos sexos;Total;15 Coruña, A;1 de enero de 2010;1.138.106,549940
Ambos sexos;Total;15 Coruña, A;1 de enero de 2009;1.135.286,546405
Ambos sexos;Total;15 Coruña, A;1 de enero de 2008;1.128.599,486105
Ambos sexos;Total;15 Coruña, A;1 de enero de 2007;1.121.347,018258
Ambos sexos;Total;15 Coruña, A;1 de enero de 2006;1.115.415,293224
Ambos sexos;Total;15 Coruña, A;1 de enero de 2005;1.109.954,815532
Ambos sexos;Total;15 Coruña, A;1 de enero de 2004;1.104.698,562918
Ambos sexos;Total;15 Coruña, A;1 de enero de 2003;1.100.953,585618
Ambos sexos;Total;16 Cuenca;1 de enero de 2022;198.796,955652
Ambos sexos;Total;16 Cuenca;1 de enero de 2021;199.003,507496
Ambos sexos;Total;16 Cuenca;1 de enero de 2020;199.833,736042
Ambos sexos;Total;16 Cuenca;1 de enero de 2019;199.628,185770
Ambos sexos;Total;16 Cuenca;1 de enero de 2018;200.596,423633
Ambos sexos;Total;16 Cuenca;1 de enero de 2017;202.037,180309
Ambos sexos;Total;16 Cuenca;1 de enero de 2016;204.000,085781
Ambos sexos;Total;16 Cuenca;1 de enero de 2015;206.593,528916
Ambos sexos;Total;16 Cuenca;1 de enero de 2014;208.662,602757
Ambos sexos;Total;16 Cuenca;1 de enero de 2013;211.795,937925
Ambos sexos;Total;16 Cuenca;1 de enero de 2012;214.751,677312
Ambos sexos;Total;16 Cuenca;1 de enero de 2011;216.377,426999
Ambos sexos;Total;16 Cuenca;1 de enero de 2010;216.608,839198
Ambos sexos;Total;16 Cuenca;1 de enero de 2009;216.435,110877
Ambos sexos;Total;16 Cuenca;1 de enero de 2008;214.902,738826
Ambos sexos;Total;16 Cuenca;1 de enero de 2007;211.114,025975
Ambos sexos;Total;16 Cuenca;1 de enero de 2006;208.119,773436
Ambos sexos;Total;16 Cuenca;1 de enero de 2005;205.785,555357
Ambos sexos;Total;16 Cuenca;1 de enero de 2004;203.133,377197
Ambos sexos;Total;16 Cuenca;1 de enero de 2003;201.189,114886
Ambos sexos;Total;20 Gipuzkoa;1 de enero de 2022;713.438,591778
Ambos sexos;Total;20 Gipuzkoa;1 de enero de 2021;716.279,268006
Ambos sexos;Total;20 Gipuzkoa;1 de enero de 2020;716.552,092745
Ambos sexos;Total;20 Gipuzkoa;1 de enero de 2019;713.007,016147
Ambos sexos;Total;20 Gipuzkoa;1 de enero de 2018;710.281,083430
Ambos sexos;Total;20 Gipuzkoa;1 de enero de 2017;708.979,160151
Ambos sexos;Total;20 Gipuzkoa;1 de enero de 2016;707.892,143005
Ambos sexos;Total;20 Gipuzkoa;1 de enero de 2015;707.316,032405
Ambos sexos;Total;20 Gipuzkoa;1 de enero de 2014;706.985,926727
Ambos sexos;Total;20 Gipuzkoa;1 de enero de 2013;708.207,276335
Ambos sexos;Total;20 Gipuzkoa;1 de enero de 2012;708.420,967897
Ambos sexos;Total;20 Gipuzkoa;1 de enero de 2011;707.257,676167
Ambos sexos;Total;20 Gipuzkoa;1 de enero de 2010;705.977,091136
Ambos sexos;Total;20 Gipuzkoa;1 de enero de 2009;704.172,858717
Ambos sexos;Total;20 Gipuzkoa;1 de enero de 2008;699.398,206713
Ambos sexos;Total;20 Gipuzkoa;1 de enero de 2007;693.438,809434
Ambos sexos;Total;20 Gipuzkoa;1 de enero de 2006;688.422,571634
Ambos sexos;Total;20 Gipuzkoa;1 de enero de 2005;684.268,990435
Ambos sexos;Total;20 Gipuzkoa;1 de enero de 2004;680.750,352537
Ambos sexos;Total;20 Gipuzkoa;1 de enero de 2003;676.778,199708
Ambos sexos;Total;17 Girona;1 de enero de 2022;776.930,990585
Ambos sexos;Total;17 Girona;1 de enero de 2021;773.765,999299
Ambos sexos;Total;17 Girona;1 de enero de 2020;767.294,111472
Ambos sexos;Total;17 Girona;1 de enero de 2019;757.496,704307
Ambos sexos;Total;17 Girona;1 de enero de 2018;749.656,301895
Ambos sexos;Total;17 Girona;1 de enero de 2017;745.244,398046
Ambos sexos;Total;17 Girona;1 de enero de 2016;741.607,832732
Ambos sexos;Total;17 Girona;1 de enero de 2015;740.372,883638
Ambos sexos;Total;17 Girona;1 de enero de 2014;743.123,772378
Ambos sexos;Total;17 Girona;1 de enero de 2013;749.190,618529
Ambos sexos;Total;17 Girona;1 de enero de 2012;751.599,424422
Ambos sexos;Total;17 Girona;1 de enero de 2011;747.035,761451
Ambos sexos;Total;17 Girona;1 de enero de 2010;741.840,855499
Ambos sexos;Total;17 Girona;1 de enero de 2009;735.856,096615
Ambos sexos;Total;17 Girona;1 de enero de 2008;719.747,249116
Ambos sexos;Total;17 Girona;1 de enero de 2007;694.222,382622
Ambos sexos;Total;17 Girona;1 de enero de 2006;668.911,010436
Ambos sexos;Total;17 Girona;1 de enero de 2005;645.159,993172
Ambos sexos;Total;17 Girona;1 de enero de 2004;618.290,539217
Ambos sexos;Total;17 Girona;1 de enero de 2003;593.086,524369
Ambos sexos;Total;18 Granada;1 de enero de 2022;929.955,424288
Ambos sexos;Total;18 Granada;1 de enero de 2021;928.380,860021
Ambos sexos;Total;18 Granada;1 de enero de 2020;925.159,803898
Ambos sexos;Total;18 Granada;1 de enero de 2019;919.699,907541
Ambos sexos;Total;18 Granada;1 de enero de 2018;917.444,759504
Ambos sexos;Total;18 Granada;1 de enero de 2017;917.038,696720
Ambos sexos;Total;18 Granada;1 de enero de 2016;917.493,598592
Ambos sexos;Total;18 Granada;1 de enero de 2015;919.138,839470
Ambos sexos;Total;18 Granada;1 de enero de 2014;920.484,310239
Ambos sexos;Total;18 Granada;1 de enero de 2013;922.137,651158
Ambos sexos;Total;18 Granada;1 de enero de 2012;922.460,132280
Ambos sexos;Total;18 Granada;1 de enero de 2011;919.884,733027
Ambos sexos;Total;18 Granada;1 de enero de 2010;915.316,569876
Ambos sexos;Total;18 Granada;1 de enero de 2009;909.111,898558
Ambos sexos;Total;18 Granada;1 de enero de 2008;900.259,869976
Ambos sexos;Total;18 Granada;1 de enero de 2007;885.032,350081
Ambos sexos;Total;18 Granada;1 de enero de 2006;871.597,189384
Ambos sexos;Total;18 Granada;1 de enero de 2005;856.428,511229
Ambos sexos;Total;18 Granada;1 de enero de 2004;842.810,484510
Ambos sexos;Total;18 Granada;1 de enero de 2003;831.319,717784
Ambos sexos;Total;19 Guadalajara;1 de enero de 2022;266.401,366335
Ambos sexos;Total;19 Guadalajara;1 de enero de 2021;265.041,618548
Ambos sexos;Total;19 Guadalajara;1 de enero de 2020;262.409,481475
Ambos sexos;Total;19 Guadalajara;1 de enero de 2019;258.889,894327
Ambos sexos;Total;19 Guadalajara;1 de enero de 2018;256.029,270009
Ambos sexos;Total;19 Guadalajara;1 de enero de 2017;255.331,829341
Ambos sexos;Total;19 Guadalajara;1 de enero de 2016;254.280,237712
Ambos sexos;Total;19 Guadalajara;1 de enero de 2015;254.558,171775
Ambos sexos;Total;19 Guadalajara;1 de enero de 2014;255.239,773522
Ambos sexos;Total;19 Guadalajara;1 de enero de 2013;257.100,621605
Ambos sexos;Total;19 Guadalajara;1 de enero de 2012;257.730,923757
Ambos sexos;Total;19 Guadalajara;1 de enero de 2011;254.655,964800
Ambos sexos;Total;19 Guadalajara;1 de enero de 2010;250.530,693477
Ambos sexos;Total;19 Guadalajara;1 de enero de 2009;245.403,288217
Ambos sexos;Total;19 Guadalajara;1 de enero de 2008;237.361,492800
Ambos sexos;Total;19 Guadalajara;1 de enero de 2007;225.057,572982
Ambos sexos;Total;19 Guadalajara;1 de enero de 2006;213.165,960427
Ambos sexos;Total;19 Guadalajara;1 de enero de 2005;202.525,360486
Ambos sexos;Total;19 Guadalajara;1 de enero de 2004;193.138,930467
Ambos sexos;Total;19 Guadalajara;1 de enero de 2003;183.879,244959
Ambos sexos;Total;21 Huelva;1 de enero de 2022;532.939,803650
Ambos sexos;Total;21 Huelva;1 de enero de 2021;530.421,574337
Ambos sexos;Total;21 Huelva;1 de enero de 2020;528.177,255966
Ambos sexos;Total;21 Huelva;1 de enero de 2019;524.576,431076
Ambos sexos;Total;21 Huelva;1 de enero de 2018;522.483,608437
Ambos sexos;Total;21 Huelva;1 de enero de 2017;521.109,962175
Ambos sexos;Total;21 Huelva;1 de enero de 2016;521.648,475940
Ambos sexos;Total;21 Huelva;1 de enero de 2015;522.136,017530
Ambos sexos;Total;21 Huelva;1 de enero de 2014;521.428,237617
Ambos sexos;Total;21 Huelva;1 de enero de 2013;520.948,139720
Ambos sexos;Total;21 Huelva;1 de enero de 2012;519.979,885164
Ambos sexos;Total;21 Huelva;1 de enero de 2011;517.889,603833
Ambos sexos;Total;21 Huelva;1 de enero de 2010;514.629,390015
Ambos sexos;Total;21 Huelva;1 de enero de 2009;510.277,802813
Ambos sexos;Total;21 Huelva;1 de enero de 2008;505.036,591483
Ambos sexos;Total;21 Huelva;1 de enero de 2007;495.170,878006
Ambos sexos;Total;21 Huelva;1 de enero de 2006;488.527,693043
Ambos sexos;Total;21 Huelva;1 de enero de 2005;479.910,429863
Ambos sexos;Total;21 Huelva;1 de enero de 2004;473.451,774200
Ambos sexos;Total;21 Huelva;1 de enero de 2003;468.682,317029
Ambos sexos;Total;22 Huesca;1 de enero de 2022;222.236,031783
Ambos sexos;Total;22 Huesca;1 de enero de 2021;221.406,994349
Ambos sexos;Total;22 Huesca;1 de enero de 2020;220.606,991514
Ambos sexos;Total;22 Huesca;1 de enero de 2019;219.239,206769
Ambos sexos;Total;22 Huesca;1 de enero de 2018;219.174,314641
Ambos sexos;Total;22 Huesca;1 de enero de 2017;219.669,466788
Ambos sexos;Total;22 Huesca;1 de enero de 2016;220.587,703601
Ambos sexos;Total;22 Huesca;1 de enero de 2015;222.084,021700
Ambos sexos;Total;22 Huesca;1 de enero de 2014;223.357,926217
Ambos sexos;Total;22 Huesca;1 de enero de 2013;224.687,757935
Ambos sexos;Total;22 Huesca;1 de enero de 2012;225.821,158942
Ambos sexos;Total;22 Huesca;1 de enero de 2011;226.595,701290
Ambos sexos;Total;22 Huesca;1 de enero de 2010;226.789,920393
Ambos sexos;Total;22 Huesca;1 de enero de 2009;226.768,611905
Ambos sexos;Total;22 Huesca;1 de enero de 2008;224.407,111751
Ambos sexos;Total;22 Huesca;1 de enero de 2007;220.089,945869
Ambos sexos;Total;22 Huesca;1 de enero de 2006;217.246,675216
Ambos sexos;Total;22 Huesca;1 de enero de 2005;214.552,215245
Ambos sexos;Total;22 Huesca;1 de enero de 2004;211.742,619292
Ambos sexos;Total;22 Huesca;1 de enero de 2003;209.448,844388
Ambos sexos;Total;23 Jaén;1 de enero de 2022;622.673,284821
Ambos sexos;Total;23 Jaén;1 de enero de 2021;625.830,978530
Ambos sexos;Total;23 Jaén;1 de enero de 2020;629.035,686721
Ambos sexos;Total;23 Jaén;1 de enero de 2019;632.027,340407
Ambos sexos;Total;23 Jaén;1 de enero de 2018;636.585,852934
Ambos sexos;Total;23 Jaén;1 de enero de 2017;641.816,399692
Ambos sexos;Total;23 Jaén;1 de enero de 2016;646.500,142047
Ambos sexos;Total;23 Jaén;1 de enero de 2015;652.131,805958
Ambos sexos;Total;23 Jaén;1 de enero de 2014;656.131,502861
Ambos sexos;Total;23 Jaén;1 de enero de 2013;661.715,504867
Ambos sexos;Total;23 Jaén;1 de enero de 2012;667.260,092239
Ambos sexos;Total;23 Jaén;1 de enero de 2011;667.059,284510
Ambos sexos;Total;23 Jaén;1 de enero de 2010;666.362,936921
Ambos sexos;Total;23 Jaén;1 de enero de 2009;665.200,793838
Ambos sexos;Total;23 Jaén;1 de enero de 2008;663.528,124666
Ambos sexos;Total;23 Jaén;1 de enero de 2007;659.840,159294
Ambos sexos;Total;23 Jaén;1 de enero de 2006;656.526,200680
Ambos sexos;Total;23 Jaén;1 de enero de 2005;653.778,927648
Ambos sexos;Total;23 Jaén;1 de enero de 2004;649.924,434699
Ambos sexos;Total;23 Jaén;1 de enero de 2003;646.844,152489
Ambos sexos;Total;24 León;1 de enero de 2022;452.186,535366
Ambos sexos;Total;24 León;1 de enero de 2021;455.098,036620
Ambos sexos;Total;24 León;1 de enero de 2020;459.236,251771
Ambos sexos;Total;24 León;1 de enero de 2019;462.495,523117
Ambos sexos;Total;24 León;1 de enero de 2018;466.108,489428
Ambos sexos;Total;24 León;1 de enero de 2017;470.326,532282
Ambos sexos;Total;24 León;1 de enero de 2016;474.895,655660
Ambos sexos;Total;24 León;1 de enero de 2015;480.331,004249
Ambos sexos;Total;24 León;1 de enero de 2014;484.531,861145
Ambos sexos;Total;24 León;1 de enero de 2013;489.238,782674
Ambos sexos;Total;24 León;1 de enero de 2012;492.822,958572
Ambos sexos;Total;24 León;1 de enero de 2011;494.210,622727
Ambos sexos;Total;24 León;1 de enero de 2010;494.822,640047
Ambos sexos;Total;24 León;1 de enero de 2009;495.040,868797
Ambos sexos;Total;24 León;1 de enero de 2008;493.937,771234
Ambos sexos;Total;24 León;1 de enero de 2007;491.130,283288
Ambos sexos;Total;24 León;1 de enero de 2006;488.534,004737
Ambos sexos;Total;24 León;1 de enero de 2005;487.439,587574
Ambos sexos;Total;24 León;1 de enero de 2004;487.072,591550
Ambos sexos;Total;24 León;1 de enero de 2003;487.392,705627
Ambos sexos;Total;25 Lleida;1 de enero de 2022;437.112,951001
Ambos sexos;Total;25 Lleida;1 de enero de 2021;436.729,800907
Ambos sexos;Total;25 Lleida;1 de enero de 2020;435.562,881316
Ambos sexos;Total;25 Lleida;1 de enero de 2019;431.183,018316
Ambos sexos;Total;25 Lleida;1 de enero de 2018;429.211,840087
Ambos sexos;Total;25 Lleida;1 de enero de 2017;428.892,860817
Ambos sexos;Total;25 Lleida;1 de enero de 2016;429.108,392674
Ambos sexos;Total;25 Lleida;1 de enero de 2015;430.660,602000
Ambos sexos;Total;25 Lleida;1 de enero de 2014;432.168,743140
Ambos sexos;Total;25 Lleida;1 de enero de 2013;435.846,637616
Ambos sexos;Total;25 Lleida;1 de enero de 2012;438.212,723442
Ambos sexos;Total;25 Lleida;1 de enero de 2011;436.689,095581
Ambos sexos;Total;25 Lleida;1 de enero de 2010;434.178,747638
Ambos sexos;Total;25 Lleida;1 de enero de 2009;431.408,867929
Ambos sexos;Total;25 Lleida;1 de enero de 2008;423.484,396178
Ambos sexos;Total;25 Lleida;1 de enero de 2007;411.140,638921
Ambos sexos;Total;25 Lleida;1 de enero de 2006;401.661,474970
Ambos sexos;Total;25 Lleida;1 de enero de 2005;392.920,814710
Ambos sexos;Total;25 Lleida;1 de enero de 2004;380.554,435009
Ambos sexos;Total;25 Lleida;1 de enero de 2003;371.136,866151
Ambos sexos;Total;27 Lugo;1 de enero de 2022;324.399,657369
Ambos sexos;Total;27 Lugo;1 de enero de 2021;326.537,134605
Ambos sexos;Total;27 Lugo;1 de enero de 2020;328.168,758617
Ambos sexos;Total;27 Lugo;1 de enero de 2019;329.586,584666
Ambos sexos;Total;27 Lugo;1 de enero de 2018;331.492,163491
Ambos sexos;Total;27 Lugo;1 de enero de 2017;333.592,961312
Ambos sexos;Total;27 Lugo;1 de enero de 2016;336.136,020717
Ambos sexos;Total;27 Lugo;1 de enero de 2015;338.920,749396
Ambos sexos;Total;27 Lugo;1 de enero de 2014;341.822,335397
Ambos sexos;Total;27 Lugo;1 de enero de 2013;344.845,189745
Ambos sexos;Total;27 Lugo;1 de enero de 2012;347.628,720510
Ambos sexos;Total;27 Lugo;1 de enero de 2011;349.525,173139
Ambos sexos;Total;27 Lugo;1 de enero de 2010;350.999,729286
Ambos sexos;Total;27 Lugo;1 de enero de 2009;352.322,174233
Ambos sexos;Total;27 Lugo;1 de enero de 2008;352.633,327403
Ambos sexos;Total;27 Lugo;1 de enero de 2007;352.246,757566
Ambos sexos;Total;27 Lugo;1 de enero de 2006;352.624,263928
Ambos sexos;Total;27 Lugo;1 de enero de 2005;353.357,129386
Ambos sexos;Total;27 Lugo;1 de enero de 2004;354.345,042486
Ambos sexos;Total;27 Lugo;1 de enero de 2003;355.701,730503
Ambos sexos;Total;28 Madrid;1 de enero de 2022;6.769.372,927730
Ambos sexos;Total;28 Madrid;1 de enero de 2021;6.755.827,858510
Ambos sexos;Total;28 Madrid;1 de enero de 2020;6.747.068,164513
Ambos sexos;Total;28 Madrid;1 de enero de 2019;6.641.648,394891
Ambos sexos;Total;28 Madrid;1 de enero de 2018;6.549.519,399462
Ambos sexos;Total;28 Madrid;1 de enero de 2017;6.476.705,372825
Ambos sexos;Total;28 Madrid;1 de enero de 2016;6.424.275,491714
Ambos sexos;Total;28 Madrid;1 de enero de 2015;6.385.297,652664
Ambos sexos;Total;28 Madrid;1 de enero de 2014;6.378.297,307654
Ambos sexos;Total;28 Madrid;1 de enero de 2013;6.414.708,714806
Ambos sexos;Total;28 Madrid;1 de enero de 2012;6.425.573,351874
Ambos sexos;Total;28 Madrid;1 de enero de 2011;6.394.239,240063
Ambos sexos;Total;28 Madrid;1 de enero de 2010;6.373.532,170892
Ambos sexos;Total;28 Madrid;1 de enero de 2009;6.327.594,000414
Ambos sexos;Total;28 Madrid;1 de enero de 2008;6.226.194,699441
Ambos sexos;Total;28 Madrid;1 de enero de 2007;6.074.983,702747
Ambos sexos;Total;28 Madrid;1 de enero de 2006;5.953.603,997760
Ambos sexos;Total;28 Madrid;1 de enero de 2005;5.866.186,450933
Ambos sexos;Total;28 Madrid;1 de enero de 2004;5.766.566,270144
Ambos sexos;Total;28 Madrid;1 de enero de 2003;5.638.827,306648
Ambos sexos;Total;29 Málaga;1 de enero de 2022;1.711.829,261952
Ambos sexos;Total;29 Málaga;1 de enero de 2021;1.696.463,024440
Ambos sexos;Total;29 Málaga;1 de enero de 2020;1.683.504,922627
Ambos sexos;Total;29 Málaga;1 de enero de 2019;1.660.984,372293
Ambos sexos;Total;29 Málaga;1 de enero de 2018;1.651.505,982808
Ambos sexos;Total;29 Málaga;1 de enero de 2017;1.646.713,937810
Ambos sexos;Total;29 Málaga;1 de enero de 2016;1.640.572,115288
Ambos sexos;Total;29 Málaga;1 de enero de 2015;1.631.357,280106
Ambos sexos;Total;29 Málaga;1 de enero de 2014;1.619.713,611160
Ambos sexos;Total;29 Málaga;1 de enero de 2013;1.611.983,050356
Ambos sexos;Total;29 Málaga;1 de enero de 2012;1.598.137,344060
Ambos sexos;Total;29 Málaga;1 de enero de 2011;1.581.343,325939
Ambos sexos;Total;29 Málaga;1 de enero de 2010;1.566.666,854622
Ambos sexos;Total;29 Málaga;1 de enero de 2009;1.552.894,025676
Ambos sexos;Total;29 Málaga;1 de enero de 2008;1.529.003,156454
Ambos sexos;Total;29 Málaga;1 de enero de 2007;1.491.783,868105
Ambos sexos;Total;29 Málaga;1 de enero de 2006;1.456.083,240350
Ambos sexos;Total;29 Málaga;1 de enero de 2005;1.415.712,893856
Ambos sexos;Total;29 Málaga;1 de enero de 2004;1.373.759,741149
Ambos sexos;Total;29 Málaga;1 de enero de 2003;1.338.402,152793
Ambos sexos;Total;30 Murcia;1 de enero de 2022;1.522.516,131694
Ambos sexos;Total;30 Murcia;1 de enero de 2021;1.513.076,130197
Ambos sexos;Total;30 Murcia;1 de enero de 2020;1.504.869,356145
Ambos sexos;Total;30 Murcia;1 de enero de 2019;1.487.663,122956
Ambos sexos;Total;30 Murcia;1 de enero de 2018;1.475.568,843417
Ambos sexos;Total;30 Murcia;1 de enero de 2017;1.472.976,802924
Ambos sexos;Total;30 Murcia;1 de enero de 2016;1.466.473,703014
Ambos sexos;Total;30 Murcia;1 de enero de 2015;1.463.773,131670
Ambos sexos;Total;30 Murcia;1 de enero de 2014;1.461.803,069803
Ambos sexos;Total;30 Murcia;1 de enero de 2013;1.461.986,683909
Ambos sexos;Total;30 Murcia;1 de enero de 2012;1.461.928,142327
Ambos sexos;Total;30 Murcia;1 de enero de 2011;1.459.076,209493
Ambos sexos;Total;30 Murcia;1 de enero de 2010;1.453.544,553730
Ambos sexos;Total;30 Murcia;1 de enero de 2009;1.441.783,011046
Ambos sexos;Total;30 Murcia;1 de enero de 2008;1.419.567,301489
Ambos sexos;Total;30 Murcia;1 de enero de 2007;1.385.715,476535
Ambos sexos;Total;30 Murcia;1 de enero de 2006;1.351.108,679180
Ambos sexos;Total;30 Murcia;1 de enero de 2005;1.313.496,220611
Ambos sexos;Total;30 Murcia;1 de enero de 2004;1.276.812,262183
Ambos sexos;Total;30 Murcia;1 de enero de 2003;1.242.632,375326
Ambos sexos;Total;31 Navarra;1 de enero de 2022;659.154,734351
Ambos sexos;Total;31 Navarra;1 de enero de 2021;657.654,125068
Ambos sexos;Total;31 Navarra;1 de enero de 2020;656.508,652011
Ambos sexos;Total;31 Navarra;1 de enero de 2019;649.946,066567
Ambos sexos;Total;31 Navarra;1 de enero de 2018;643.866,396074
Ambos sexos;Total;31 Navarra;1 de enero de 2017;640.336,559579
Ambos sexos;Total;31 Navarra;1 de enero de 2016;637.485,616917
Ambos sexos;Total;31 Navarra;1 de enero de 2015;636.402,022307
Ambos sexos;Total;31 Navarra;1 de enero de 2014;636.449,732442
Ambos sexos;Total;31 Navarra;1 de enero de 2013;638.948,762553
Ambos sexos;Total;31 Navarra;1 de enero de 2012;640.023,424568
Ambos sexos;Total;31 Navarra;1 de enero de 2011;637.098,740913
Ambos sexos;Total;31 Navarra;1 de enero de 2010;633.017,070248
Ambos sexos;Total;31 Navarra;1 de enero de 2009;627.275,523927
Ambos sexos;Total;31 Navarra;1 de enero de 2008;616.711,036428
Ambos sexos;Total;31 Navarra;1 de enero de 2007;602.830,648061
Ambos sexos;Total;31 Navarra;1 de enero de 2006;592.145,795994
Ambos sexos;Total;31 Navarra;1 de enero de 2005;584.367,351408
Ambos sexos;Total;31 Navarra;1 de enero de 2004;576.345,745873
Ambos sexos;Total;31 Navarra;1 de enero de 2003;567.888,429499
Ambos sexos;Total;32 Ourense;1 de enero de 2022;304.041,347791
Ambos sexos;Total;32 Ourense;1 de enero de 2021;305.151,090277
Ambos sexos;Total;32 Ourense;1 de enero de 2020;306.872,198588
Ambos sexos;Total;32 Ourense;1 de enero de 2019;307.840,980487
Ambos sexos;Total;32 Ourense;1 de enero de 2018;309.313,636644
Ambos sexos;Total;32 Ourense;1 de enero de 2017;311.561,856717
Ambos sexos;Total;32 Ourense;1 de enero de 2016;314.662,665999
Ambos sexos;Total;32 Ourense;1 de enero de 2015;318.739,205277
Ambos sexos;Total;32 Ourense;1 de enero de 2014;321.801,008836
Ambos sexos;Total;32 Ourense;1 de enero de 2013;325.388,716293
Ambos sexos;Total;32 Ourense;1 de enero de 2012;328.187,536737
Ambos sexos;Total;32 Ourense;1 de enero de 2011;330.018,801148
Ambos sexos;Total;32 Ourense;1 de enero de 2010;331.649,391506
Ambos sexos;Total;32 Ourense;1 de enero de 2009;332.162,560191
Ambos sexos;Total;32 Ourense;1 de enero de 2008;332.808,449898
Ambos sexos;Total;32 Ourense;1 de enero de 2007;333.549,394632
Ambos sexos;Total;32 Ourense;1 de enero de 2006;334.127,290189
Ambos sexos;Total;32 Ourense;1 de enero de 2005;335.062,594357
Ambos sexos;Total;32 Ourense;1 de enero de 2004;336.018,300399
Ambos sexos;Total;32 Ourense;1 de enero de 2003;337.302,397602
Ambos sexos;Total;34 Palencia;1 de enero de 2022;157.337,128717
Ambos sexos;Total;34 Palencia;1 de enero de 2021;158.548,771431
Ambos sexos;Total;34 Palencia;1 de enero de 2020;159.906,409461
Ambos sexos;Total;34 Palencia;1 de enero de 2019;160.701,295510
Ambos sexos;Total;34 Palencia;1 de enero de 2018;161.794,611420
Ambos sexos;Total;34 Palencia;1 de enero de 2017;163.006,684935
Ambos sexos;Total;34 Palencia;1 de enero de 2016;164.248,665368
Ambos sexos;Total;34 Palencia;1 de enero de 2015;165.806,346960
Ambos sexos;Total;34 Palencia;1 de enero de 2014;167.300,700416
Ambos sexos;Total;34 Palencia;1 de enero de 2013;168.749,337914
Ambos sexos;Total;34 Palencia;1 de enero de 2012;170.301,133079
Ambos sexos;Total;34 Palencia;1 de enero de 2011;171.304,840111
Ambos sexos;Total;34 Palencia;1 de enero de 2010;171.893,850069
Ambos sexos;Total;34 Palencia;1 de enero de 2009;172.665,237873
Ambos sexos;Total;34 Palencia;1 de enero de 2008;172.709,116086
Ambos sexos;Total;34 Palencia;1 de enero de 2007;172.566,353135
Ambos sexos;Total;34 Palencia;1 de enero de 2006;172.438,421678
Ambos sexos;Total;34 Palencia;1 de enero de 2005;172.377,202820
Ambos sexos;Total;34 Palencia;1 de enero de 2004;172.691,681079
Ambos sexos;Total;34 Palencia;1 de enero de 2003;173.246,047145
Ambos sexos;Total;35 Palmas, Las;1 de enero de 2022;1.153.559,264708
Ambos sexos;Total;35 Palmas, Las;1 de enero de 2021;1.152.023,173083
Ambos sexos;Total;35 Palmas, Las;1 de enero de 2020;1.151.177,656249
Ambos sexos;Total;35 Palmas, Las;1 de enero de 2019;1.139.383,481015
Ambos sexos;Total;35 Palmas, Las;1 de enero de 2018;1.126.896,283125
Ambos sexos;Total;35 Palmas, Las;1 de enero de 2017;1.119.150,450154
Ambos sexos;Total;35 Palmas, Las;1 de enero de 2016;1.110.884,199650
Ambos sexos;Total;35 Palmas, Las;1 de enero de 2015;1.106.236,471621
Ambos sexos;Total;35 Palmas, Las;1 de enero de 2014;1.100.713,802908
Ambos sexos;Total;35 Palmas, Las;1 de enero de 2013;1.098.235,149324
Ambos sexos;Total;35 Palmas, Las;1 de enero de 2012;1.089.050,711942
Ambos sexos;Total;35 Palmas, Las;1 de enero de 2011;1.077.086,647983
Ambos sexos;Total;35 Palmas, Las;1 de enero de 2010;1.066.491,297968
Ambos sexos;Total;35 Palmas, Las;1 de enero de 2009;1.056.360,657945
Ambos sexos;Total;35 Palmas, Las;1 de enero de 2008;1.040.109,626808
Ambos sexos;Total;35 Palmas, Las;1 de enero de 2007;1.016.209,024867
Ambos sexos;Total;35 Palmas, Las;1 de enero de 2006;991.821,881584
Ambos sexos;Total;35 Palmas, Las;1 de enero de 2005;967.922,313090
Ambos sexos;Total;35 Palmas, Las;1 de enero de 2004;943.645,917256
Ambos sexos;Total;35 Palmas, Las;1 de enero de 2003;919.569,938524
Ambos sexos;Total;36 Pontevedra;1 de enero de 2022;942.893,822270
Ambos sexos;Total;36 Pontevedra;1 de enero de 2021;943.429,845680
Ambos sexos;Total;36 Pontevedra;1 de enero de 2020;944.000,931524
Ambos sexos;Total;36 Pontevedra;1 de enero de 2019;941.007,139300
Ambos sexos;Total;36 Pontevedra;1 de enero de 2018;940.926,078429
Ambos sexos;Total;36 Pontevedra;1 de enero de 2017;943.227,795534
Ambos sexos;Total;36 Pontevedra;1 de enero de 2016;945.188,661575
Ambos sexos;Total;36 Pontevedra;1 de enero de 2015;948.301,761832
Ambos sexos;Total;36 Pontevedra;1 de enero de 2014;950.272,884347
Ambos sexos;Total;36 Pontevedra;1 de enero de 2013;953.241,483316
Ambos sexos;Total;36 Pontevedra;1 de enero de 2012;954.921,282434
Ambos sexos;Total;36 Pontevedra;1 de enero de 2011;953.802,484488
Ambos sexos;Total;36 Pontevedra;1 de enero de 2010;951.701,488254
Ambos sexos;Total;36 Pontevedra;1 de enero de 2009;947.703,044279
Ambos sexos;Total;36 Pontevedra;1 de enero de 2008;940.726,893307
Ambos sexos;Total;36 Pontevedra;1 de enero de 2007;933.944,294240
Ambos sexos;Total;36 Pontevedra;1 de enero de 2006;927.930,599576
Ambos sexos;Total;36 Pontevedra;1 de enero de 2005;922.304,953806
Ambos sexos;Total;36 Pontevedra;1 de enero de 2004;916.515,791891
Ambos sexos;Total;36 Pontevedra;1 de enero de 2003;911.200,544666
Ambos sexos;Total;26 Rioja, La;1 de enero de 2022;315.915,635549
Ambos sexos;Total;26 Rioja, La;1 de enero de 2021;316.176,203433
Ambos sexos;Total;26 Rioja, La;1 de enero de 2020;315.930,778241
Ambos sexos;Total;26 Rioja, La;1 de enero de 2019;313.571,155171
Ambos sexos;Total;26 Rioja, La;1 de enero de 2018;312.884,113704
Ambos sexos;Total;26 Rioja, La;1 de enero de 2017;312.618,089516
Ambos sexos;Total;26 Rioja, La;1 de enero de 2016;312.809,937695
Ambos sexos;Total;26 Rioja, La;1 de enero de 2015;313.568,979206
Ambos sexos;Total;26 Rioja, La;1 de enero de 2014;315.223,155360
Ambos sexos;Total;26 Rioja, La;1 de enero de 2013;318.639,400507
Ambos sexos;Total;26 Rioja, La;1 de enero de 2012;320.950,691555
Ambos sexos;Total;26 Rioja, La;1 de enero de 2011;320.849,566605
Ambos sexos;Total;26 Rioja, La;1 de enero de 2010;319.938,601494
Ambos sexos;Total;26 Rioja, La;1 de enero de 2009;319.785,732737
Ambos sexos;Total;26 Rioja, La;1 de enero de 2008;316.191,779427
Ambos sexos;Total;26 Rioja, La;1 de enero de 2007;308.117,951176
Ambos sexos;Total;26 Rioja, La;1 de enero de 2006;302.697,267814
Ambos sexos;Total;26 Rioja, La;1 de enero de 2005;298.049,949366
Ambos sexos;Total;26 Rioja, La;1 de enero de 2004;291.081,908565
Ambos sexos;Total;26 Rioja, La;1 de enero de 2003;284.608,522855
Ambos sexos;Total;37 Salamanca;1 de enero de 2022;326.468,691043
Ambos sexos;Total;37 Salamanca;1 de enero de 2021;327.827,155913
Ambos sexos;Total;37 Salamanca;1 de enero de 2020;331.080,899879
Ambos sexos;Total;37 Salamanca;1 de enero de 2019;332.233,868118
Ambos sexos;Total;37 Salamanca;1 de enero de 2018;333.649,457794
Ambos sexos;Total;37 Salamanca;1 de enero de 2017;336.086,714414
Ambos sexos;Total;37 Salamanca;1 de enero de 2016;338.553,060972
Ambos sexos;Total;37 Salamanca;1 de enero de 2015;342.000,956344
Ambos sexos;Total;37 Salamanca;1 de enero de 2014;344.395,475593
Ambos sexos;Total;37 Salamanca;1 de enero de 2013;347.248,845037
Ambos sexos;Total;37 Salamanca;1 de enero de 2012;349.624,800923
Ambos sexos;Total;37 Salamanca;1 de enero de 2011;350.819,063901
Ambos sexos;Total;37 Salamanca;1 de enero de 2010;350.900,970325
Ambos sexos;Total;37 Salamanca;1 de enero de 2009;351.017,763110
Ambos sexos;Total;37 Salamanca;1 de enero de 2008;349.842,624482
Ambos sexos;Total;37 Salamanca;1 de enero de 2007;347.713,156035
Ambos sexos;Total;37 Salamanca;1 de enero de 2006;346.298,948618
Ambos sexos;Total;37 Salamanca;1 de enero de 2005;346.312,501006
Ambos sexos;Total;37 Salamanca;1 de enero de 2004;345.713,890334
Ambos sexos;Total;37 Salamanca;1 de enero de 2003;345.560,054098
Ambos sexos;Total;38 Santa Cruz de Tenerife;1 de enero de 2022;1.098.677,407203
Ambos sexos;Total;38 Santa Cruz de Tenerife;1 de enero de 2021;1.092.345,679017
Ambos sexos;Total;38 Santa Cruz de Tenerife;1 de enero de 2020;1.085.814,557792
Ambos sexos;Total;38 Santa Cruz de Tenerife;1 de enero de 2019;1.067.517,667871
Ambos sexos;Total;38 Santa Cruz de Tenerife;1 de enero de 2018;1.050.151,527192
Ambos sexos;Total;38 Santa Cruz de Tenerife;1 de enero de 2017;1.035.773,838322
Ambos sexos;Total;38 Santa Cruz de Tenerife;1 de enero de 2016;1.024.324,419930
Ambos sexos;Total;38 Santa Cruz de Tenerife;1 de enero de 2015;1.019.907,266460
Ambos sexos;Total;38 Santa Cruz de Tenerife;1 de enero de 2014;1.014.130,929591
Ambos sexos;Total;38 Santa Cruz de Tenerife;1 de enero de 2013;1.006.997,209381
Ambos sexos;Total;38 Santa Cruz de Tenerife;1 de enero de 2012;996.876,982550
Ambos sexos;Total;38 Santa Cruz de Tenerife;1 de enero de 2011;987.789,391554
Ambos sexos;Total;38 Santa Cruz de Tenerife;1 de enero de 2010;978.676,988179
Ambos sexos;Total;38 Santa Cruz de Tenerife;1 de enero de 2009;969.125,133697
Ambos sexos;Total;38 Santa Cruz de Tenerife;1 de enero de 2008;951.835,546738
Ambos sexos;Total;38 Santa Cruz de Tenerife;1 de enero de 2007;929.862,028423
Ambos sexos;Total;38 Santa Cruz de Tenerife;1 de enero de 2006;907.786,972748
Ambos sexos;Total;38 Santa Cruz de Tenerife;1 de enero de 2005;885.232,840242
Ambos sexos;Total;38 Santa Cruz de Tenerife;1 de enero de 2004;860.608,716544
Ambos sexos;Total;38 Santa Cruz de Tenerife;1 de enero de 2003;836.123,465204
Ambos sexos;Total;40 Segovia;1 de enero de 2022;153.820,321222
Ambos sexos;Total;40 Segovia;1 de enero de 2021;154.056,167942
Ambos sexos;Total;40 Segovia;1 de enero de 2020;154.204,532697
Ambos sexos;Total;40 Segovia;1 de enero de 2019;154.094,687120
Ambos sexos;Total;40 Segovia;1 de enero de 2018;154.387,281574
Ambos sexos;Total;40 Segovia;1 de enero de 2017;155.307,361831
Ambos sexos;Total;40 Segovia;1 de enero de 2016;156.358,843475
Ambos sexos;Total;40 Segovia;1 de enero de 2015;157.937,527569
Ambos sexos;Total;40 Segovia;1 de enero de 2014;159.127,205277
Ambos sexos;Total;40 Segovia;1 de enero de 2013;161.374,036488
Ambos sexos;Total;40 Segovia;1 de enero de 2012;162.936,527085
Ambos sexos;Total;40 Segovia;1 de enero de 2011;163.423,189711
Ambos sexos;Total;40 Segovia;1 de enero de 2010;163.174,404894
Ambos sexos;Total;40 Segovia;1 de enero de 2009;163.373,513246
Ambos sexos;Total;40 Segovia;1 de enero de 2008;163.091,148509
Ambos sexos;Total;40 Segovia;1 de enero de 2007;159.138,791989
Ambos sexos;Total;40 Segovia;1 de enero de 2006;156.275,337779
Ambos sexos;Total;40 Segovia;1 de enero de 2005;154.209,482482
Ambos sexos;Total;40 Segovia;1 de enero de 2004;151.733,137582
Ambos sexos;Total;40 Segovia;1 de enero de 2003;149.642,541478
Ambos sexos;Total;41 Sevilla;1 de enero de 2022;1.960.568,187353
Ambos sexos;Total;41 Sevilla;1 de enero de 2021;1.960.919,973003
Ambos sexos;Total;41 Sevilla;1 de enero de 2020;1.957.520,152030
Ambos sexos;Total;41 Sevilla;1 de enero de 2019;1.949.639,261110
Ambos sexos;Total;41 Sevilla;1 de enero de 2018;1.945.235,705045
Ambos sexos;Total;41 Sevilla;1 de enero de 2017;1.943.165,855463
Ambos sexos;Total;41 Sevilla;1 de enero de 2016;1.940.720,836637
Ambos sexos;Total;41 Sevilla;1 de enero de 2015;1.939.412,002477
Ambos sexos;Total;41 Sevilla;1 de enero de 2014;1.936.907,632774
Ambos sexos;Total;41 Sevilla;1 de enero de 2013;1.936.702,881921
Ambos sexos;Total;41 Sevilla;1 de enero de 2012;1.932.572,647280
Ambos sexos;Total;41 Sevilla;1 de enero de 2011;1.918.746,773031
Ambos sexos;Total;41 Sevilla;1 de enero de 2010;1.902.955,680627
Ambos sexos;Total;41 Sevilla;1 de enero de 2009;1.884.106,577845
Ambos sexos;Total;41 Sevilla;1 de enero de 2008;1.859.555,443051
Ambos sexos;Total;41 Sevilla;1 de enero de 2007;1.831.956,179945
Ambos sexos;Total;41 Sevilla;1 de enero de 2006;1.807.971,475962
Ambos sexos;Total;41 Sevilla;1 de enero de 2005;1.785.135,463761
Ambos sexos;Total;41 Sevilla;1 de enero de 2004;1.764.493,404849
Ambos sexos;Total;41 Sevilla;1 de enero de 2003;1.748.400,218710
Ambos sexos;Total;42 Soria;1 de enero de 2022;89.144,906076
Ambos sexos;Total;42 Soria;1 de enero de 2021;89.419,981813
Ambos sexos;Total;42 Soria;1 de enero de 2020;89.892,048461
Ambos sexos;Total;42 Soria;1 de enero de 2019;89.501,463661
Ambos sexos;Total;42 Soria;1 de enero de 2018;89.738,278804
Ambos sexos;Total;42 Soria;1 de enero de 2017;90.010,194275
Ambos sexos;Total;42 Soria;1 de enero de 2016;90.744,641379
Ambos sexos;Total;42 Soria;1 de enero de 2015;91.780,432412
Ambos sexos;Total;42 Soria;1 de enero de 2014;92.630,314324
Ambos sexos;Total;42 Soria;1 de enero de 2013;93.574,887137
Ambos sexos;Total;42 Soria;1 de enero de 2012;94.463,090891
Ambos sexos;Total;42 Soria;1 de enero de 2011;94.898,492517
Ambos sexos;Total;42 Soria;1 de enero de 2010;94.987,240365
Ambos sexos;Total;42 Soria;1 de enero de 2009;94.738,036843
Ambos sexos;Total;42 Soria;1 de enero de 2008;94.470,040835
Ambos sexos;Total;42 Soria;1 de enero de 2007;93.430,245313
Ambos sexos;Total;42 Soria;1 de enero de 2006;92.736,255697
Ambos sexos;Total;42 Soria;1 de enero de 2005;92.264,622803
Ambos sexos;Total;42 Soria;1 de enero de 2004;91.777,903848
Ambos sexos;Total;42 Soria;1 de enero de 2003;91.118,867227
Ambos sexos;Total;43 Tarragona;1 de enero de 2022;823.579,135472
Ambos sexos;Total;43 Tarragona;1 de enero de 2021;821.233,860097
Ambos sexos;Total;43 Tarragona;1 de enero de 2020;814.390,656238
Ambos sexos;Total;43 Tarragona;1 de enero de 2019;802.546,594619
Ambos sexos;Total;43 Tarragona;1 de enero de 2018;794.968,942992
Ambos sexos;Total;43 Tarragona;1 de enero de 2017;792.622,218314
Ambos sexos;Total;43 Tarragona;1 de enero de 2016;791.669,910579
Ambos sexos;Total;43 Tarragona;1 de enero de 2015;793.155,041324
Ambos sexos;Total;43 Tarragona;1 de enero de 2014;795.328,103674
Ambos sexos;Total;43 Tarragona;1 de enero de 2013;802.805,700653
Ambos sexos;Total;43 Tarragona;1 de enero de 2012;806.904,044314
Ambos sexos;Total;43 Tarragona;1 de enero de 2011;803.859,389695
Ambos sexos;Total;43 Tarragona;1 de enero de 2010;798.818,242383
Ambos sexos;Total;43 Tarragona;1 de enero de 2009;793.983,064765
Ambos sexos;Total;43 Tarragona;1 de enero de 2008;780.208,794648
Ambos sexos;Total;43 Tarragona;1 de enero de 2007;749.155,859956
Ambos sexos;Total;43 Tarragona;1 de enero de 2006;718.447,551214
Ambos sexos;Total;43 Tarragona;1 de enero de 2005;689.266,058852
Ambos sexos;Total;43 Tarragona;1 de enero de 2004;661.093,650898
Ambos sexos;Total;43 Tarragona;1 de enero de 2003;636.613,639520
Ambos sexos;Total;44 Teruel;1 de enero de 2022;133.089,833167
Ambos sexos;Total;44 Teruel;1 de enero de 2021;133.253,385828
Ambos sexos;Total;44 Teruel;1 de enero de 2020;133.299,825851
Ambos sexos;Total;44 Teruel;1 de enero de 2019;133.298,182794
Ambos sexos;Total;44 Teruel;1 de enero de 2018;133.849,961407
Ambos sexos;Total;44 Teruel;1 de enero de 2017;134.872,381768
Ambos sexos;Total;44 Teruel;1 de enero de 2016;136.042,645505
Ambos sexos;Total;44 Teruel;1 de enero de 2015;137.714,832344
Ambos sexos;Total;44 Teruel;1 de enero de 2014;139.390,354223
Ambos sexos;Total;44 Teruel;1 de enero de 2013;141.112,903581
Ambos sexos;Total;44 Teruel;1 de enero de 2012;142.918,008911
Ambos sexos;Total;44 Teruel;1 de enero de 2011;144.357,404339
Ambos sexos;Total;44 Teruel;1 de enero de 2010;145.111,764310
Ambos sexos;Total;44 Teruel;1 de enero de 2009;146.132,316768
Ambos sexos;Total;44 Teruel;1 de enero de 2008;145.703,943301
Ambos sexos;Total;44 Teruel;1 de enero de 2007;143.622,306334
Ambos sexos;Total;44 Teruel;1 de enero de 2006;141.280,782068
Ambos sexos;Total;44 Teruel;1 de enero de 2005;139.827,346437
Ambos sexos;Total;44 Teruel;1 de enero de 2004;138.392,579872
Ambos sexos;Total;44 Teruel;1 de enero de 2003;137.487,276814
Ambos sexos;Total;45 Toledo;1 de enero de 2022;707.109,552673
Ambos sexos;Total;45 Toledo;1 de enero de 2021;703.739,239781
Ambos sexos;Total;45 Toledo;1 de enero de 2020;699.258,049569
Ambos sexos;Total;45 Toledo;1 de enero de 2019;691.724,766721
Ambos sexos;Total;45 Toledo;1 de enero de 2018;687.083,616457
Ambos sexos;Total;45 Toledo;1 de enero de 2017;687.878,911726
Ambos sexos;Total;45 Toledo;1 de enero de 2016;689.252,618490
Ambos sexos;Total;45 Toledo;1 de enero de 2015;692.544,123172
Ambos sexos;Total;45 Toledo;1 de enero de 2014;696.559,717561
Ambos sexos;Total;45 Toledo;1 de enero de 2013;703.235,872012
Ambos sexos;Total;45 Toledo;1 de enero de 2012;705.582,618395
Ambos sexos;Total;45 Toledo;1 de enero de 2011;701.011,360909
Ambos sexos;Total;45 Toledo;1 de enero de 2010;692.423,684429
Ambos sexos;Total;45 Toledo;1 de enero de 2009;682.733,809338
Ambos sexos;Total;45 Toledo;1 de enero de 2008;665.283,326183
Ambos sexos;Total;45 Toledo;1 de enero de 2007;636.695,546570
Ambos sexos;Total;45 Toledo;1 de enero de 2006;611.787,441142
Ambos sexos;Total;45 Toledo;1 de enero de 2005;592.396,447892
Ambos sexos;Total;45 Toledo;1 de enero de 2004;574.501,694777
Ambos sexos;Total;45 Toledo;1 de enero de 2003;558.376,177517
Ambos sexos;Total;46 Valencia/València;1 de enero de 2022;2.589.602,601995
Ambos sexos;Total;46 Valencia/València;1 de enero de 2021;2.574.888,156587
Ambos sexos;Total;46 Valencia/València;1 de enero de 2020;2.568.845,742739
Ambos sexos;Total;46 Valencia/València;1 de enero de 2019;2.540.588,459924
Ambos sexos;Total;46 Valencia/València;1 de enero de 2018;2.531.187,623865
Ambos sexos;Total;46 Valencia/València;1 de enero de 2017;2.522.341,506879
Ambos sexos;Total;46 Valencia/València;1 de enero de 2016;2.518.678,607026
Ambos sexos;Total;46 Valencia/València;1 de enero de 2015;2.523.040,343257
Ambos sexos;Total;46 Valencia/València;1 de enero de 2014;2.527.589,634849
Ambos sexos;Total;46 Valencia/València;1 de enero de 2013;2.547.044,090788
Ambos sexos;Total;46 Valencia/València;1 de enero de 2012;2.562.513,784436
Ambos sexos;Total;46 Valencia/València;1 de enero de 2011;2.559.198,510911
Ambos sexos;Total;46 Valencia/València;1 de enero de 2010;2.553.693,225720
Ambos sexos;Total;46 Valencia/València;1 de enero de 2009;2.550.404,985987
Ambos sexos;Total;46 Valencia/València;1 de enero de 2008;2.522.558,729688
Ambos sexos;Total;46 Valencia/València;1 de enero de 2007;2.467.760,713278
Ambos sexos;Total;46 Valencia/València;1 de enero de 2006;2.418.730,418271
Ambos sexos;Total;46 Valencia/València;1 de enero de 2005;2.371.881,990795
Ambos sexos;Total;46 Valencia/València;1 de enero de 2004;2.321.591,599207
Ambos sexos;Total;46 Valencia/València;1 de enero de 2003;2.275.650,068063
Ambos sexos;Total;47 Valladolid;1 de enero de 2022;517.797,510031
Ambos sexos;Total;47 Valladolid;1 de enero de 2021;519.090,541462
Ambos sexos;Total;47 Valladolid;1 de enero de 2020;520.736,651272
Ambos sexos;Total;47 Valladolid;1 de enero de 2019;520.385,452944
Ambos sexos;Total;47 Valladolid;1 de enero de 2018;520.834,758961
Ambos sexos;Total;47 Valladolid;1 de enero de 2017;523.206,720807
Ambos sexos;Total;47 Valladolid;1 de enero de 2016;524.820,286206
Ambos sexos;Total;47 Valladolid;1 de enero de 2015;527.395,357733
Ambos sexos;Total;47 Valladolid;1 de enero de 2014;528.675,416495
Ambos sexos;Total;47 Valladolid;1 de enero de 2013;531.140,920693
Ambos sexos;Total;47 Valladolid;1 de enero de 2012;532.643,605977
Ambos sexos;Total;47 Valladolid;1 de enero de 2011;531.881,255640
Ambos sexos;Total;47 Valladolid;1 de enero de 2010;530.502,705743
Ambos sexos;Total;47 Valladolid;1 de enero de 2009;528.788,340569
Ambos sexos;Total;47 Valladolid;1 de enero de 2008;525.650,652492
Ambos sexos;Total;47 Valladolid;1 de enero de 2007;518.851,439132
Ambos sexos;Total;47 Valladolid;1 de enero de 2006;513.750,853229
Ambos sexos;Total;47 Valladolid;1 de enero de 2005;510.003,830415
Ambos sexos;Total;47 Valladolid;1 de enero de 2004;506.392,754426
Ambos sexos;Total;47 Valladolid;1 de enero de 2003;503.347,007860
Ambos sexos;Total;49 Zamora;1 de enero de 2022;167.904,293999
Ambos sexos;Total;49 Zamora;1 de enero de 2021;169.457,171028
Ambos sexos;Total;49 Zamora;1 de enero de 2020;171.661,488432
Ambos sexos;Total;49 Zamora;1 de enero de 2019;173.632,380017
Ambos sexos;Total;49 Zamora;1 de enero de 2018;175.931,110981
Ambos sexos;Total;49 Zamora;1 de enero de 2017;178.557,889374
Ambos sexos;Total;49 Zamora;1 de enero de 2016;181.310,586066
Ambos sexos;Total;49 Zamora;1 de enero de 2015;184.173,764980
Ambos sexos;Total;49 Zamora;1 de enero de 2014;186.401,474688
Ambos sexos;Total;49 Zamora;1 de enero de 2013;189.042,080411
Ambos sexos;Total;49 Zamora;1 de enero de 2012;191.306,328226
Ambos sexos;Total;49 Zamora;1 de enero de 2011;192.726,485454
Ambos sexos;Total;49 Zamora;1 de enero de 2010;193.750,959072
Ambos sexos;Total;49 Zamora;1 de enero de 2009;194.924,015037
Ambos sexos;Total;49 Zamora;1 de enero de 2008;196.165,085336
Ambos sexos;Total;49 Zamora;1 de enero de 2007;195.862,712436
Ambos sexos;Total;49 Zamora;1 de enero de 2006;195.998,965283
Ambos sexos;Total;49 Zamora;1 de enero de 2005;196.341,657620
Ambos sexos;Total;49 Zamora;1 de enero de 2004;196.852,969305
Ambos sexos;Total;49 Zamora;1 de enero de 2003;197.680,903028
Ambos sexos;Total;50 Zaragoza;1 de enero de 2022;958.833,520630
Ambos sexos;Total;50 Zaragoza;1 de enero de 2021;976.472,281821
Ambos sexos;Total;50 Zaragoza;1 de enero de 2020;976.426,500279
Ambos sexos;Total;50 Zaragoza;1 de enero de 2019;968.048,920288
Ambos sexos;Total;50 Zaragoza;1 de enero de 2018;960.110,944788
Ambos sexos;Total;50 Zaragoza;1 de enero de 2017;961.498,132272
Ambos sexos;Total;50 Zaragoza;1 de enero de 2016;961.940,783920
Ambos sexos;Total;50 Zaragoza;1 de enero de 2015;966.604,570299
Ambos sexos;Total;50 Zaragoza;1 de enero de 2014;968.552,259667
Ambos sexos;Total;50 Zaragoza;1 de enero de 2013;972.507,599827
Ambos sexos;Total;50 Zaragoza;1 de enero de 2012;975.050,332516
Ambos sexos;Total;50 Zaragoza;1 de enero de 2011;973.442,588140
Ambos sexos;Total;50 Zaragoza;1 de enero de 2010;972.282,142542
Ambos sexos;Total;50 Zaragoza;1 de enero de 2009;969.876,828515
Ambos sexos;Total;50 Zaragoza;1 de enero de 2008;955.315,058028
Ambos sexos;Total;50 Zaragoza;1 de enero de 2007;930.533,312647
Ambos sexos;Total;50 Zaragoza;1 de enero de 2006;915.040,676386
Ambos sexos;Total;50 Zaragoza;1 de enero de 2005;900.698,040303
Ambos sexos;Total;50 Zaragoza;1 de enero de 2004;887.658,240315
Ambos sexos;Total;50 Zaragoza;1 de enero de 2003;878.627,122580
Ambos sexos;Total;51 Ceuta;1 de enero de 2022;82.512,526492
Ambos sexos;Total;51 Ceuta;1 de enero de 2021;83.516,802763
Ambos sexos;Total;51 Ceuta;1 de enero de 2020;84.084,722994
Ambos sexos;Total;51 Ceuta;1 de enero de 2019;84.829,419327
Ambos sexos;Total;51 Ceuta;1 de enero de 2018;85.208,601210
Ambos sexos;Total;51 Ceuta;1 de enero de 2017;85.033,445719
Ambos sexos;Total;51 Ceuta;1 de enero de 2016;84.651,807343
Ambos sexos;Total;51 Ceuta;1 de enero de 2015;84.692,463443
Ambos sexos;Total;51 Ceuta;1 de enero de 2014;84.673,811817
Ambos sexos;Total;51 Ceuta;1 de enero de 2013;84.533,743901
Ambos sexos;Total;51 Ceuta;1 de enero de 2012;83.837,034986
Ambos sexos;Total;51 Ceuta;1 de enero de 2011;81.626,825802
Ambos sexos;Total;51 Ceuta;1 de enero de 2010;79.294,374913
Ambos sexos;Total;51 Ceuta;1 de enero de 2009;76.922,024444
Ambos sexos;Total;51 Ceuta;1 de enero de 2008;75.252,004413
Ambos sexos;Total;51 Ceuta;1 de enero de 2007;74.155,143788
Ambos sexos;Total;51 Ceuta;1 de enero de 2006;72.806,115068
Ambos sexos;Total;51 Ceuta;1 de enero de 2005;71.983,203107
Ambos sexos;Total;51 Ceuta;1 de enero de 2004;71.542,052194
Ambos sexos;Total;51 Ceuta;1 de enero de 2003;71.109,678529
Ambos sexos;Total;52 Melilla;1 de enero de 2022;83.235,687780
Ambos sexos;Total;52 Melilla;1 de enero de 2021;84.021,560583
Ambos sexos;Total;52 Melilla;1 de enero de 2020;84.472,870603
Ambos sexos;Total;52 Melilla;1 de enero de 2019;84.689,417312
Ambos sexos;Total;52 Melilla;1 de enero de 2018;84.707,996369
Ambos sexos;Total;52 Melilla;1 de enero de 2017;84.943,294419
Ambos sexos;Total;52 Melilla;1 de enero de 2016;84.763,794311
Ambos sexos;Total;52 Melilla;1 de enero de 2015;84.569,746453
Ambos sexos;Total;52 Melilla;1 de enero de 2014;83.869,753715
Ambos sexos;Total;52 Melilla;1 de enero de 2013;83.619,222516
Ambos sexos;Total;52 Melilla;1 de enero de 2012;81.785,866519
Ambos sexos;Total;52 Melilla;1 de enero de 2011;78.862,604467
Ambos sexos;Total;52 Melilla;1 de enero de 2010;76.047,391420
Ambos sexos;Total;52 Melilla;1 de enero de 2009;73.361,386868
Ambos sexos;Total;52 Melilla;1 de enero de 2008;71.244,371888
Ambos sexos;Total;52 Melilla;1 de enero de 2007;68.968,471067
Ambos sexos;Total;52 Melilla;1 de enero de 2006;67.109,604911
Ambos sexos;Total;52 Melilla;1 de enero de 2005;64.914,499461
Ambos sexos;Total;52 Melilla;1 de enero de 2004;64.753,934634
Ambos sexos;Total;52 Melilla;1 de enero de 2003;65.389,932040
